medcode,ca_excl
1225763012,1
291963013,1
304151000006118,1
291959018,1
291778013,1
304251000006114,1
304271000006116,1
1221446018,1
1216160012,1
292006015,1
292073010,1
304381000006111,1
292075015,1
304401000006111,1
1216346016,1
304421000006118,1
304431000006115,1
1216284012,1
304461000006112,1
304471000006117,1
304481000006119,1
304491000006116,1
1217037013,1
304521000006119,1
304531000006116,1
1230440012,1
1231622010,1
291436015,1
291372011,1
304621000006115,1
304631000006117,1
304641000006110,1
304651000006112,1
304661000006114,1
304681000006116,1
304701000006118,1
304711000006115,1
304791000006113,1
291391011,1
403752014,1
291395019,1
1227518012,1
304901000006115,1
304921000006113,1
305011000006117,1
1216940017,1
291992012,1
292010017,1
305141000006119,1
292036012,1
305171000006110,1
305181000006113,1
305201000006114,1
305211000006112,1
1235321016,1
305231000006118,1
305261000006110,1
305271000006115,1
305291000006119,1
305331000006114,1
1220814017,1
291641019,1
305531000006115,1
305551000006110,1
305571000006117,1
291482011,1
305651000006111,1
305671000006118,1
305681000006115,1
1229453012,1
305701000006117,1
305711000006119,1
305741000006115,1
305861000006114,1
1216868019,1
292045013,1
292042011,1
305901000006119,1
305921000006112,1
305941000006117,1
305951000006115,1
305971000006113,1
306001000006110,1
306011000006113,1
1216845011,1
306091000006115,1
306111000006112,1
306131000006118,1
1219789016,1
306171000006115,1
306211000006118,1
1216670013,1
291414018,1
291419011,1
1221504012,1
291326012,1
306381000006115,1
291330010,1
306401000006115,1
291329017,1
291676017,1
306451000006116,1
291837016,1
306571000006113,1
291486014,1
306641000006116,1
306661000006117,1
306681000006110,1
291782010,1
1230128019,1
306821000006110,1
291824019,1
306901000006111,1
306911000006114,1
306921000006118,1
306931000006115,1
306951000006110,1
1216809013,1
306971000006117,1
291443014,1
291442016,1
307051000006111,1
291700017,1
307071000006118,1
307091000006117,1
1231089017,1
291536017,1
307131000006115,1
307191000006116,1
292001013,1
292002018,1
307221000006111,1
307251000006119,1
307271000006112,1
307281000006110,1
307291000006113,1
291495018,1
291493013,1
291695012,1
307441000006115,1
1232905013,1
215889013,1
307531000006112,1
307571000006110,1
1231028010,1
307591000006111,1
307631000006111,1
307671000006114,1
291718019,1
307801000006119,1
307811000006116,1
307821000006112,1
307831000006110,1
307841000006117,1
307861000006118,1
307891000006114,1
307921000006115,1
291462012,1
307971000006119,1
308001000006111,1
308031000006115,1
308041000006113,1
292050019,1
292046014,1
308071000006117,1
291825018,1
308091000006116,1
308111000006113,1
308121000006117,1
1235961012,1
308181000006118,1
308191000006115,1
1216731014,1
308241000006115,1
308261000006116,1
308291000006112,1
308311000006111,1
1216029010,1
292024018,1
292018012,1
308351000006112,1
308371000006119,1
308411000006118,1
308461000006115,1
308491000006111,1
308501000006115,1
308551000006116,1
308641000006117,1
1231237017,1
308671000006113,1
308701000006114,1
308731000006118,1
376870016,1
291452017,1
308761000006110,1
308771000006115,1
1222216017,1
308801000006118,1
308821000006111,1
291378010,1
215885019,1
291379019,1
308941000006114,1
308951000006111,1
308961000006113,1
308971000006118,1
1222222014,1
309011000006119,1
309021000006110,1
309031000006113,1
309061000006116,1
309071000006111,1
309081000006114,1
309091000006112,1
1235290011,1
309131000006114,1
309181000006110,1
309231000006115,1
403757015,1
309251000006110,1
2552865010,1
309261000006112,1
309281000006119,1
2550105015,1
309301000006115,1
309321000006113,1
309351000006116,1
309361000006119,1
309401000006112,1
1233722011,1
309471000006118,1
291886019,1
309501000006113,1
309511000006111,1
309521000006115,1
1228267010,1
309551000006112,1
309571000006119,1
309641000006111,1
309731000006110,1
309741000006117,1
1216729017,1
291383019,1
291380016,1
309811000006113,1
1224870013,1
1221209015,1
309851000006114,1
309891000006115,1
309941000006119,1
291958014,1
291932014,1
1233285010,1
310131000006118,1
310141000006111,1
291933016,1
1221109014,1
453326010,1
309991000006111,1
215913019,1
1233353010,1
291931019,1
215914013,1
1229491012,1
310071000006116,1
1233711012,1
291934010,1
1230406012,1
310161000006110,1
310241000006119,1
310261000006115,1
310271000006110,1
310281000006113,1
1228259019,1
310311000006110,1
310321000006119,1
310341000006114,1
310361000006113,1
310391000006117,1
310411000006117,1
310451000006116,1
1232564019,1
310491000006110,1
310531000006110,1
310541000006117,1
310571000006113,1
310661000006117,1
310741000006110,1
1870401000006113,1
310791000006118,1
310801000006117,1
215791000000112,1
1230800010,1
1216826019,1
310871000006111,1
291328013,1
291653015,1
310961000006112,1
310971000006117,1
1220817012,1
291985019,1
310991000006116,1
291995014,1
311021000006113,1
291984015,1
311041000006118,1
311051000006116,1
311091000006110,1
1229372013,1
1229424011,1
291638011,1
311191000006111,1
311211000006112,1
291540014,1
311301000006118,1
311311000006115,1
1222221019,1
311351000006119,1
311361000006117,1
1222219012,1
1222220018,1
311391000006113,1
403760010,1
1216396015,1
292005016,1
311431000006119,1
311441000006112,1
291953017,1
311461000006111,1
291887011,1
292028015,1
292031019,1
311511000006114,1
311521000006118,1
311561000006112,1
311571000006117,1
311581000006119,1
311591000006116,1
311601000006112,1
311611000006110,1
311621000006119,1
311631000006116,1
311641000006114,1
311651000006111,1
215915014,1
311671000006118,1
291910017,1
1229648010,1
291900014,1
291943018,1
291905016,1
291894014,1
291891018,1
291902018,1
291907012,1
1234197011,1
291914014,1
1230392016,1
311801000006113,1
311811000006111,1
291903011,1
1222289015,1
403759017,1
1230828016,1
403761014,1
311871000006119,1
311881000006116,1
215912012,1
1232576019,1
311911000006116,1
291892013,1
291913015,1
1230838014,1
311951000006115,1
1230100013,1
311971000006113,1
311981000006111,1
403754010,1
1229572014,1
215916010,1
312021000006118,1
312031000006115,1
312041000006113,1
312051000006110,1
312061000006112,1
312071000006117,1
1216016010,1
312101000006110,1
291538016,1
312161000006111,1
312171000006116,1
291836013,1
312201000006117,1
312211000006119,1
312231000006113,1
312251000006118,1
312281000006114,1
312291000006112,1
312331000006117,1
312361000006114,1
312391000006118,1
1230882017,1
312421000006114,1
291674019,1
312461000006115,1
312531000006111,1
312591000006110,1
312601000006119,1
291711013,1
1959991000006111,1
1960001000006118,1
312631000006110,1
291957016,1
292077011,1
292065018,1
312781000006117,1
312801000006118,1
291449013,1
312841000006116,1
312851000006119,1
1216406014,1
312871000006112,1
312911000006110,1
312881000006110,1
291997018,1
291669010,1
312951000006111,1
312961000006113,1
292053017,1
292083014,1
313001000006116,1
313011000006118,1
313031000006112,1
313041000006119,1
291525012,1
291526013,1
291515019,1
1216356017,1
313131000006113,1
313171000006111,1
313191000006112,1
313201000006110,1
313251000006114,1
313271000006116,1
313301000006119,1
313311000006116,1
291955012,1
1216572014,1
292032014,1
1228269013,1
313381000006111,1
313391000006114,1
313411000006114,1
291661013,1
313501000006112,1
313521000006119,1
1221282014,1
313541000006114,1
313561000006113,1
1225879015,1
313621000006115,1
291588012,1
313651000006112,1
313691000006118,1
313701000006118,1
1227517019,1
313751000006119,1
313801000006114,1
1231544010,1
313931000006111,1
292039017,1
314041000006116,1
314051000006119,1
314061000006117,1
1870381000006113,1
314071000006112,1
314081000006110,1
314091000006113,1
314111000006116,1
314141000006117,1
314201000006112,1
314231000006116,1
314241000006114,1
314261000006113,1
291835012,1
314281000006115,1
314311000006118,1
314321000006114,1
314351000006117,1
314401000006113,1
314421000006115,1
314441000006110,1
314451000006112,1
403755011,1
314501000006114,1
1222660012,1
314521000006116,1
292062015,1
292041016,1
314621000006117,1
291441011,1
291440012,1
314671000006116,1
1231363012,1
314691000006115,1
314701000006115,1
314711000006117,1
291375013,1
1231231016,1
291431013,1
291433011,1
291429016,1
314791000006110,1
291343010,1
291510012,1
314891000006116,1
314921000006110,1
291358019,1
314971000006111,1
315011000006119,1
315031000006113,1
315071000006111,1
315101000006118,1
291447010,1
315161000006117,1
315211000006114,1
315221000006118,1
1870391000006111,1
315251000006110,1
1232355013,1
315291000006116,1
315301000006115,1
315331000006111,1
291438019,1
1216014013,1
292017019,1
292014014,1
1231541019,1
315441000006114,1
315461000006113,1
315471000006118,1
315501000006113,1
315511000006111,1
315531000006117,1
315541000006110,1
1234296013,1
315581000006116,1
315611000006112,1
315621000006116,1
315631000006118,1
315651000006113,1
1960021000006111,1
1216595017,1
315681000006117,1
1216015014,1
291909010,1
315721000006112,1
315741000006117,1
1219790013,1
315771000006113,1
1229971014,1
291445019,1
315861000006111,1
315881000006118,1
291426011,1
315911000006118,1
315921000006114,1
315931000006112,1
315941000006119,1
291923012,1
315951000006117,1
315971000006110,1
315981000006113,1
315991000006111,1
316001000006112,1
316041000006114,1
1234787012,1
215896010,1
316111000006114,1
316121000006118,1
316131000006115,1
316141000006113,1
291622017,1
1785811000006114,1
291623010,1
316171000006117,1
316181000006119,1
316211000006115,1
316221000006111,1
1231370012,1
291484012,1
316311000006112,1
291715016,1
316331000006118,1
291714017,1
291508010,1
316401000006117,1
316441000006115,1
1230735015,1
316511000006118,1
291528014,1
316531000006112,1
291472010,1
291474011,1
291332019,1
316591000006111,1
1231976013,1
316611000006117,1
1222626017,1
291624016,1
291618010,1
291403016,1
316691000006110,1
316711000006113,1
316741000006112,1
291331014,1
316761000006111,1
291607010,1
316791000006115,1
316801000006119,1
316821000006112,1
316831000006110,1
316851000006115,1
291828016,1
316871000006113,1
291347011,1
1216064018,1
316931000006117,1
316951000006112,1
316961000006114,1
316971000006119,1
317011000006112,1
317041000006111,1
317051000006113,1
291988017,1
292009010,1
317101000006113,1
292035011,1
317161000006114,1
317191000006118,1
317201000006115,1
291480015,1
291476013,1
1232439019,1
317341000006113,1
317351000006110,1
317361000006112,1
317411000006116,1
317421000006112,1
317431000006110,1
1222303015,1
291560018,1
317571000006112,1
317611000006119,1
291451012,1
457307018,1
317651000006118,1
291363015,1
317691000006112,1
291364014,1
317731000006116,1
1216442018,1
1220820016,1
317821000006114,1
291398017,1
291396018,1
317901000006110,1
318001000006113,1
291344016,1
318051000006112,1
318081000006116,1
318101000006112,1
291434017,1
318171000006118,1
318191000006117,1
318211000006116,1
318231000006110,1
318261000006118,1
907331000006114,1
907341000006116,1
908781000006110,1
907091000006110,1
907361000006117,1
907121000006114,1
907401000006110,1
907391000006113,1
907041000006118,1
906971000006110,1
907001000006115,1
907371000006112,1
907351000006119,1
907061000006119,1
907101000006116,1
907271000006115,1
907381000006110,1
907111000006118,1
907281000006117,1
907261000006110,1
340421000006119,1
340471000006118,1
340471000006118,1
340491000006117,1
340511000006111,1
1216381019,1
340541000006110,1
340561000006114,1
292191019,1
292127010,1
292136014,1
292128017,1
396091000006118,1
396111000006110,1
396121000006119,1
396131000006116,1
396161000006113,1
396171000006118,1
292118014,1
396191000006117,1
292111015,1
292137017,1
292105018,1
292099015,1
292156010,1
396251000006115,1
292142013,1
292138010,1
396281000006111,1
292102015,1
396301000006110,1
292146011,1
292143015,1
292110019,1
292152012,1
292121011,1
292158011,1
292132011,1
396381000006118,1
292120012,1
292154013,1
292148012,1
292147019,1
292139019,1
292135013,1
292166019,1
396461000006117,1
396471000006112,1
396481000006110,1
396491000006113,1
396501000006117,1
396511000006119,1
396521000006110,1
396531000006113,1
396541000006115,1
396551000006118,1
396561000006116,1
396571000006111,1
396581000006114,1
396591000006112,1
396601000006116,1
396611000006118,1
396621000006114,1
396631000006112,1
396641000006119,1
396651000006117,1
292116013,1
398291000006110,1
403762019,1
292126018,1
400011000006119,1
406154013,1
404441000006117,1
404801000006116,1
405081000006118,1
292169014,1
292185016,1
292177013,1
292175017,1
292181013,1
292178015,1
292100011,1
292101010,1
292182018,1
292174018,1
292173012,1
292170010,1
292193016,1
456641000006119,1
476225016,1
289964018,1
509741017,1
414220013,1
2534415018,1
1815651000006110,1
344846014,1
201612010,1
2124991000000117,1
2872264019,1
458201000006115,1
133678011,1
2532080014,1
459741000006115,1
1773151000006112,1
933251000006113,1
289885019,1
1815601000006111,1
289884015,1
289928019,1
289908018,1
451077018,1
380137014,1
1815321000006110,1
2168491000000113,1
2534468012,1
288761012,1
474604011,1
414160018,1
414008012,1
414248013,1
1815401000006114,1
260879014,1
517421000000115,1
2280371000000117,1
2663190016,1
289612010,1
289605018,1
289608016,1
289604019,1
289606017,1
289603013,1
527801000006112,1
289611015,1
289610019,1
289602015,1
1215905010,1
880771000006118,1
988751000006115,1
880511000006115,1
879911000006113,1
1228541018,1
1222170010,1
880081000006117,1
880141000006110,1
880321000006118,1
880341000006113,1
880271000006114,1
880331000006115,1
990571000006118,1
880291000006110,1
880311000006114,1
880281000006112,1
880301000006111,1
1222167011,1
880521000006111,1
880361000006112,1
880371000006117,1
1228539019,1
880441000006117,1
1490770018,1
531851000006119,1
1222169014,1
879971000006116,1
880501000006118,1
879821000006114,1
879711000006110,1
1228537017,1
879951000006114,1
880481000006111,1
880471000006113,1
880491000006114,1
1494921019,1
880021000006116,1
1228557018,1
1222176016,1
879811000006118,1
879731000006116,1
1235891015,1
879931000006119,1
879961000006111,1
880131000006117,1
880071000006115,1
1216078017,1
879701000006112,1
880061000006110,1
1216077010,1
879721000006119,1
1222189010,1
880411000006116,1
1494922014,1
880431000006110,1
1222168018,1
1228543015,1
879891000006111,1
879921000006117,1
1222177013,1
1228540017,1
880561000006117,1
880241000006118,1
880211000006117,1
880251000006116,1
990561000006113,1
880221000006113,1
880231000006111,1
880091000006119,1
1228542013,1
880531000006114,1
880041000006111,1
880031000006118,1
1228538010,1
880111000006111,1
880051000006113,1
1216076018,1
880391000006116,1
990581000006115,1
880421000006112,1
1877231000006117,1
1488798019,1
841331000006115,1
1228570010,1
1488772013,1
533321000006119,1
880461000006118,1
880381000006119,1
880261000006119,1
380139012,1
535221000006113,1
880351000006110,1
380094018,1
380129018,1
537051000006118,1
380092019,1
403771011,1
380095017,1
380211016,1
379088010,1
380110012,1
543111000006111,1
543481000006111,1
289903010,1
289184018,1
552661000006114,1
289895014,1
554641000006115,1
289967013,1
555131000006118,1
2168681000000113,1
201652012,1
289923011,1
201656010,1
289900013,1
1815631000006115,1
474077018,1
289898011,1
84190018,1
35572018,1
3704012,1
27148012,1
2233381000000115,1
2233421000000112,1
2233461000000116,1
573611000006118,1
1815221000006115,1
1815331000006113,1
1937971000006115,1
413089014,1
201658011,1
2901912012,1
198006010,1
621041000006116,1
444799014,1
1219545019,1
1668101000000112,1
621071000006112,1
289812013,1
621091000006113,1
289799010,1
289801013,1
414298014,1
1815371000006111,1
651081000006111,1
274480013,1
2532159017,1
1815131000006111,1
2534467019,1
288762017,1
1815151000006116,1
1815161000006119,1
1815171000006114,1
1815181000006112,1
2124491000000113,1
2124511000000117,1
763421000006116,1
763431000006118,1
414278016,1
451429010,1
414257019,1
799181000006112,1
1490806016,1
1488634012,1
1490807013,1
175996013,1
1755801000006118,1
1755811000006115,1
1755821000006111,1
289904016,1
1591211000006111,1
342834014,1
342807011,1
2872841013,1
459527013,1
1728161000006116,1
289921013,1
2659772015,1
824231000006111,1
1815031000006110,1
1815101000006115,1
2663377018,1
2663473018,1
289702012,1
826121000006114,1
289706010,1
289709015,1
289705014,1
826171000006110,1
826181000006113,1
289704013,1
289711012,1
289710013,1
289703019,1
2663187010,1
289701017,1
289699017,1
826261000006110,1
2663461018,1
289679011,1
154798010,1
289670010,1
1220414014,1
289669014,1
154811011,1
289660013,1
2663476014,1
826361000006117,1
289638010,1
289632011,1
154837014,1
154838016,1
289633018,1
289629013,1
289637017,1
154846015,1
289628017,1
826461000006111,1
826471000006116,1
826481000006118,1
826491000006115,1
826501000006111,1
826511000006114,1
826521000006118,1
289680014,1
826541000006113,1
826551000006110,1
826561000006112,1
826571000006117,1
826581000006119,1
826591000006116,1
826601000006112,1
826611000006110,1
826621000006119,1
826631000006116,1
826641000006114,1
826651000006111,1
826661000006113,1
826671000006118,1
826681000006115,1
826691000006117,1
289627010,1
289621011,1
289624015,1
289618014,1
826741000006115,1
826751000006118,1
289626018,1
154859011,1
289616013,1
2663376010,1
289648012,1
154862014,1
154863016,1
154864010,1
289643015,1
289640017,1
826861000006114,1
289647019,1
154872012,1
289639019,1
826901000006119,1
826911000006116,1
826921000006112,1
826931000006110,1
826941000006117,1
826951000006115,1
826961000006118,1
289659015,1
289657018,1
826991000006114,1
881221000006115,1
289288012,1
880811000006118,1
411516014,1
289874016,1
2871720012,1
344818012,1
173950019,1
755631000006110,1
173946014,1
173944012,1
289008015,1
755671000006113,1
457317011,1
1773161000006114,1
745971000006116,1
289780018,1
154080016,1
154081017,1
154082012,1
746021000006112,1
746031000006110,1
746041000006117,1
154089015,1
154090012,1
289776011,1
880921000006117,1
988791000006114,1
880911000006113,1
880941000006112,1
880971000006116,1
880931000006119,1
880951000006114,1
289972016,1
289963012,1
880961000006111,1
746301000006117,1
746311000006119,1
747131000006114,1
747141000006116,1
744991000006119,1
745001000006114,1
745011000006112,1
289773015,1
510217015,1
510218013,1
289769018,1
289756017,1
879681000006114,1
733371000006119,1
289875015,1
880981000006118,1
988781000006111,1
880781000006115,1
988771000006113,1
2168691000000110,1
1815071000006113,1
2870724014,1
344670010,1
403710016,1
289876019,1
880821000006114,1
880831000006112,1
880841000006119,1
289889013,1
50949017,1
126918018,1
94699019,1
110346017,1
289591011,1
289580016,1
731621000006113,1
289601010,1
289595019,1
289598017,1
289594015,1
289596018,1
289593014,1
731691000006110,1
289600011,1
289599013,1
289592016,1
730491000006117,1
730001000006117,1
730011000006119,1
730021000006110,1
730031000006113,1
730241000006113,1
730251000006110,1
729281000006113,1
729291000006111,1
729301000006112,1
729311000006110,1
729321000006119,1
729331000006116,1
729341000006114,1
729351000006111,1
729361000006113,1
729371000006118,1
729381000006115,1
729391000006117,1
729401000006115,1
729411000006117,1
729421000006113,1
729431000006111,1
729441000006118,1
729451000006116,1
729461000006119,1
729471000006114,1
729481000006112,1
729491000006110,1
729501000006119,1
729511000006116,1
729521000006112,1
729531000006110,1
729541000006117,1
729551000006115,1
729561000006118,1
729571000006113,1
729581000006111,1
729591000006114,1
729601000006118,1
730041000006115,1
729611000006115,1
728451000006110,1
728461000006112,1
728471000006117,1
728481000006119,1
728491000006116,1
445586018,1
289754019,1
154183017,1
154184011,1
154185012,1
728571000006118,1
728581000006115,1
728591000006117,1
154192019,1
154193012,1
289750011,1
31698014,1
289826016,1
289829011,1
728721000006111,1
289842011,1
289845013,1
289832014,1
728771000006112,1
728781000006110,1
289831019,1
289847017,1
289846014,1
289830018,1
289820010,1
289793011,1
289781019,1
289052011,1
289012014,1
289028016,1
454085011,1
289029012,1
289030019,1
457109011,1
289017015,1
1694781000006115,1
289011019,1
289014010,1
289013016,1
1235785014,1
1235798017,1
409844012,1
1235786010,1
728201000006110,1
289022015,1
289043019,1
289054012,1
289041017,1
289019017,1
289056014,1
289031015,1
289042012,1
289053018,1
289047018,1
1697891000006116,1
289049015,1
289009011,1
289051016,1
289046010,1
289057017,1
289025018,1
289015011,1
289060012,1
154231019,1
289033017,1
289050015,1
289024019,1
289023013,1
289026017,1
289039018,1
155060012,1
289063014,1
289021010,1
1694771000006118,1
289048011,1
289044013,1
289055013,1
289027014,1
289037016,1
289034011,1
289040016,1
727731000006113,1
289045014,1
2438511000000112,1
2438551000000111,1
2438591000000115,1
2438631000000115,1
2438671000000118,1
2438711000000117,1
2438751000000118,1
2438791000000114,1
2438871000000117,1
2438911000000115,1
2438951000000116,1
727761000006116,1
727771000006111,1
727781000006114,1
727791000006112,1
289987014,1
727811000006111,1
881281000006116,1
988801000006110,1
289441010,1
288597017,1
288792014,1
727841000006110,1
155068017,1
288533015,1
1210553016,1
155072018,1
289406011,1
1210554010,1
727911000006116,1
155076015,1
288414010,1
288430019,1
288423013,1
288506019,1
288509014,1
155078019,1
288443019,1
288552014,1
288561014,1
288653013,1
289271017,1
288685011,1
155085015,1
289413011,1
289419010,1
727281000006117,1
155089014,1
155090017,1
288799017,1
727321000006111,1
288779011,1
289435015,1
289146012,1
289449012,1
289337012,1
727381000006110,1
288411019,1
289275014,1
288717016,1
289246015,1
288647013,1
1210561014,1
289198014,1
403691010,1
288959010,1
288869015,1
288883018,1
2692069010,1
289365014,1
727511000006114,1
727521000006118,1
727531000006115,1
155155010,1
403689019,1
727561000006112,1
1216464010,1
288941012,1
454201010,1
288625013,1
288633014,1
288628010,1
288632016,1
288813012,1
155168019,1
288915018,1
288916017,1
288910011,1
288912015,1
288909018,1
288913013,1
288914019,1
288911010,1
380145016,1
288962013,1
288771014,1
288809017,1
482741013,1
289141019,1
155175018,1
289376013,1
289338019,1
289375012,1
482737014,1
289379018,1
289355015,1
289378014,1
289354016,1
482734019,1
289346018,1
288589012,1
289179012,1
288885013,1
1228493018,1
289182019,1
727151000006117,1
289426010,1
289436019,1
727181000006113,1
289352017,1
289308013,1
155191015,1
1210566016,1
174518012,1
155193017,1
288929017,1
726331000006111,1
403682011,1
726351000006116,1
726361000006119,1
726371000006114,1
288960017,1
288991011,1
288986010,1
288999013,1
288971016,1
288979019,1
288969016,1
288970015,1
288975013,1
288995019,1
289001014,1
288967019,1
288985014,1
288972011,1
288980016,1
289007013,1
288968012,1
289317013,1
726561000006114,1
289188015,1
289361017,1
289339010,1
289192010,1
289187013,1
288894019,1
726631000006118,1
726641000006111,1
289374011,1
289409016,1
288800018,1
289314018,1
155206014,1
288801019,1
155207017,1
174562015,1
473991000000119,1
725951000006112,1
155209019,1
403673017,1
288766019,1
289267015,1
155211011,1
288418013,1
726021000006110,1
288734012,1
289149017,1
289158012,1
289224011,1
726071000006111,1
289171010,1
289172015,1
155218017,1
289173013,1
980021000006113,1
289190019,1
155222010,1
726141000006116,1
451428019,1
288507011,1
155228014,1
1228553019,1
155231010,1
726201000006111,1
288712010,1
289318015,1
1208876015,1
289330014,1
289316016,1
726261000006112,1
726271000006117,1
288485015,1
1228530015,1
1210642019,1
289151018,1
289219013,1
155246015,1
155247012,1
288921019,1
288951013,1
288917014,1
288947011,1
288412014,1
289451011,1
289353010,1
725611000006117,1
288449015,1
288554010,1
288920018,1
288950014,1
288427014,1
155259011,1
482730011,1
719021000006111,1
289189011,1
288644018,1
725711000006113,1
289206014,1
288631011,1
406263015,1
289301019,1
725761000006111,1
725771000006116,1
289341011,1
155269017,1
288508018,1
725811000006116,1
288794010,1
155272012,1
288650011,1
289209019,1
725861000006118,1
288440016,1
403697014,1
288923016,1
725101000006111,1
289425014,1
725121000006118,1
289424013,1
289431012,1
725151000006110,1
288847010,1
288852017,1
288707014,1
725191000006116,1
155287019,1
289347010,1
725221000006111,1
288901015,1
725241000006116,1
288571011,1
289343014,1
725271000006112,1
155294016,1
289442015,1
288694017,1
2475562018,1
288943010,1
288759015,1
155305011,1
288699010,1
2619456011,1
288697012,1
288698019,1
289437011,1
289311014,1
155308013,1
288727010,1
289193017,1
289195012,1
289428011,1
725451000006118,1
288470014,1
288510016,1
289299014,1
289285010,1
482690017,1
289210012,1
482691018,1
724721000006116,1
289327019,1
289322013,1
289325010,1
724761000006110,1
288803016,1
724781000006117,1
724791000006119,1
288807015,1
288806012,1
288944016,1
288444013,1
724841000006116,1
288550018,1
155332018,1
289270016,1
288649011,1
724881000006110,1
724891000006113,1
724901000006112,1
288390016,1
288388017,1
288391017,1
288403012,1
288393019,1
406052010,1
288582015,1
453301018,1
288408015,1
288409011,1
288410018,1
288688013,1
288702015,1
288700011,1
288931014,1
288935017,1
288459019,1
457111019,1
724311000006111,1
288465019,1
289447014,1
288380012,1
288354011,1
288382016,1
406399011,1
288387010,1
1228506017,1
724401000006116,1
724411000006118,1
724421000006114,1
288355012,1
288827019,1
288828012,1
288826011,1
288829016,1
288608011,1
289194011,1
289143016,1
289145011,1
288887017,1
403705015,1
155361017,1
288815017,1
288438014,1
1228510019,1
288872010,1
155364013,1
289159016,1
155368011,1
724621000006112,1
155370019,1
724641000006117,1
288659012,1
288942017,1
724671000006113,1
289356019,1
724681000006111,1
482537012,1
288749016,1
288748012,1
288751017,1
380146015,1
723951000006113,1
289357011,1
288823015,1
288824014,1
288822013,1
288825010,1
288607018,1
288417015,1
288474017,1
288810010,1
724051000006110,1
289191015,1
155402013,1
1228552012,1
288776016,1
288772019,1
289326011,1
288556012,1
288522018,1
288564018,1
288946019,1
289429015,1
289397014,1
289137018,1
289153015,1
155417012,1
155418019,1
289140018,1
289156011,1
289427018,1
155421017,1
482733013,1
1216488012,1
403674011,1
289369015,1
482641017,1
288548014,1
155425014,1
723541000006115,1
289319011,1
288875012,1
723571000006111,1
288518011,1
288516010,1
723601000006116,1
289423019,1
288450015,1
289574012,1
723641000006119,1
406265010,1
288437016,1
289251014,1
289259011,1
289364013,1
289360016,1
289178016,1
289181014,1
289148013,1
289150017,1
289157019,1
288857011,1
289279015,1
289203018,1
289197016,1
723801000006115,1
288832018,1
288448011,1
288439018,1
288406016,1
288434011,1
289421017,1
289217010,1
288570012,1
288473011,1
289396017,1
288614016,1
288839010,1
289329016,1
288563012,1
288517018,1
288652015,1
288655018,1
723221000006112,1
289448016,1
288671018,1
288731016,1
289131017,1
289297011,1
723281000006111,1
289199018,1
723301000006110,1
289196013,1
288404018,1
723321000006117,1
289298018,1
723341000006112,1
288471013,1
288469013,1
1228529013,1
2475984012,1
723391000006115,1
723401000006118,1
288736014,1
288723014,1
155441010,1
723441000006116,1
723451000006119,1
155444019,1
482732015,1
155446017,1
155447014,1
723501000006117,1
155449012,1
288924010,1
155452016,1
722761000006119,1
289445018,1
288930010,1
289260018,1
289242018,1
289249010,1
155457010,1
155458017,1
155459013,1
288741018,1
289389019,1
722871000006117,1
289390011,1
289388010,1
722901000006117,1
722911000006119,1
288952018,1
288922014,1
288546013,1
288532013,1
288573014,1
722961000006116,1
455404011,1
722981000006114,1
155468010,1
723001000006113,1
288840012,1
289358018,1
723031000006117,1
155473016,1
288568015,1
1228509012,1
288529010,1
288541015,1
288515014,1
288654019,1
289272012,1
1228575017,1
722341000006119,1
155477015,1
722361000006115,1
155479017,1
288641014,1
288638017,1
288635019,1
288639013,1
722421000006115,1
155483017,1
722441000006110,1
155488014,1
288675010,1
722471000006119,1
722481000006116,1
289296019,1
288858018,1
722511000006112,1
722521000006116,1
288742013,1
722541000006111,1
1228549016,1
288739019,1
288757018,1
288744014,1
155495017,1
288897014,1
288889019,1
1228523014,1
1228532011,1
289202011,1
288928013,1
155501015,1
289092013,1
289091018,1
289094014,1
155503017,1
288898016,1
289315017,1
723111000006110,1
289066018,1
288918016,1
288948018,1
289252019,1
721961000006111,1
403698016,1
288953011,1
721991000006115,1
1806421000006110,1
289132012,1
289099016,1
155517014,1
289079010,1
289096011,1
155520018,1
155521019,1
155522014,1
289084016,1
289097019,1
155525011,1
289080013,1
155529017,1
155533012,1
155534018,1
289111016,1
155536016,1
289127011,1
155537013,1
155538015,1
289124016,1
155539011,1
155540013,1
155542017,1
289122017,1
289116014,1
289128018,1
155545015,1
289088018,1
155547011,1
289121012,1
455405012,1
155550014,1
289089014,1
155552018,1
289114012,1
155553011,1
289095010,1
289107010,1
155556015,1
289110015,1
289108017,1
289115013,1
721601000006117,1
288663017,1
721621000006110,1
1228566019,1
1228565015,1
1228567011,1
288747019,1
288756010,1
289452016,1
288735013,1
721701000006112,1
155582012,1
721721000006119,1
288711015,1
289381016,1
721751000006111,1
289380015,1
482740014,1
289383018,1
289382011,1
288760013,1
288763010,1
721821000006114,1
289180010,1
155592016,1
721851000006117,1
288656017,1
721871000006110,1
721881000006113,1
1228513017,1
289430013,1
288797015,1
721091000006119,1
288720012,1
155604019,1
289362012,1
288963015,1
155607014,1
482731010,1
289349013,1
721171000006119,1
403702017,1
289345019,1
288754013,1
288919012,1
288949014,1
288594012,1
288886014,1
289432017,1
289438018,1
721271000006114,1
288841011,1
288802014,1
721291000006110,1
155624015,1
721311000006114,1
288435012,1
288433017,1
288419017,1
721351000006110,1
721361000006112,1
288505015,1
288486019,1
721391000006116,1
288811014,1
288808013,1
721421000006112,1
289262014,1
289450012,1
289257013,1
2475564017,1
288787012,1
288784017,1
155641018,1
289348017,1
289223017,1
289234019,1
289561018,1
289571016,1
288454012,1
457110018,1
720761000006115,1
288460012,1
289446017,1
720791000006111,1
720801000006112,1
288372017,1
288363013,1
288377011,1
288350019,1
288364019,1
288362015,1
1228504019,1
288351015,1
288819011,1
288820017,1
403688010,1
288821018,1
288602012,1
289142014,1
289144010,1
720951000006119,1
720961000006117,1
289276010,1
289294016,1
720991000006113,1
1786811017,1
289281018,1
289204012,1
289166015,1
721041000006111,1
721051000006113,1
289208010,1
289207017,1
721481000006111,1
155669014,1
288429012,1
288407013,1
720341000006115,1
288888010,1
288453018,1
288468017,1
288775017,1
155675017,1
155677013,1
403701012,1
288578017,1
288896017,1
155681013,1
720451000006113,1
720461000006110,1
720471000006115,1
720481000006117,1
720491000006119,1
720501000006110,1
720511000006113,1
720521000006117,1
720531000006119,1
288964014,1
288478019,1
720011000006116,1
720561000006111,1
720571000006116,1
720581000006118,1
720591000006115,1
288790018,1
1219537012,1
289280017,1
720631000006115,1
289147015,1
289175018,1
288670017,1
288764016,1
1217367011,1
1219533011,1
1217360013,1
1219468014,1
719931000006113,1
1219467016,1
1215862010,1
1219538019,1
1219540012,1
1219535016,1
1219534017,1
720001000006119,1
720021000006112,1
720031000006110,1
720041000006117,1
720051000006115,1
881291000006118,1
289566011,1
289849019,1
1219531013,1
289867014,1
720161000006119,1
445587010,1
2549374014,1
380059013,1
414253015,1
123978016,1
716871000006112,1
289786012,1
289789017,1
289785011,1
716911000006110,1
289787015,1
289784010,1
289791013,1
289790014,1
289783016,1
2872860018,1
1815301000006117,1
2870725010,1
289949018,1
698821000006119,1
880161000006114,1
880191000006118,1
880171000006119,1
880181000006116,1
880151000006112,1
880201000006115,1
990551000006111,1
103180017,1
173941016,1
174532014,1
705211000006111,1
1815061000006118,1
289919015,1
289917018,1
880881000006113,1
880891000006111,1
880901000006110,1
289933015,1
414252013,1
1815261000006114,1
344820010,1
695561000006118,1
880801000006116,1
297584015,1
2663191017,1
289739013,1
157071014,1
157072019,1
157073012,1
157075017,1
683691000006113,1
289738017,1
157081013,1
683721000006115,1
289727017,1
1815691000006116,1
289892012,1
880851000006117,1
880861000006115,1
880871000006110,1
289912012,1
157091019,1
289905015,1
683191000006119,1
344819016,1
289974015,1
682691000006117,1
144849016,1
2168431000000112,1
673611000006113,1
289726014,1
157686016,1
157687013,1
157688015,1
289721016,1
289718018,1
673681000006118,1
157692010,1
157693017,1
289717011,1
1815051000006115,1
587201000006115,1
853831000006113,1
2168861000000117,1
2839871014,1
1773131000006117,1
1815451000006113,1
1216486011,1
2870704010,1
312137011,1
2164653019,1
39671000006114,1
289955011,1
289959017,1
1815091000006114,1
289873010,1
289971011,1
289881011,1
289888017,1
289565010,1
289713010,1
403700013,1
1815431000006118,1
289926015,1
289930017,1
289907011,1
289911017,1
1815491000006119,1
880541000006116,1
880551000006119,1
289934014,1
289960010,1
289613017,1
1815231000006117,1
289813015,1
247091000006118,1
173816012,1
414849013,1
2659756011,1
444773019,1
201743012,1
451430017,1
225051000006119,1
1234144017,1
342851019,1
288690014,1
1815421000006116,1
157732017,1
288692018,1
1773111000006111,1
454091013,1
411399019,1
202801000006110,1
2168671000000111,1
2168661000000116,1
379089019,1
177051000006111,1
1211679013,1
169581000006112,1
289590012,1
157745018,1
157746017,1
157747014,1
289585014,1
289582012,1
169651000006115,1
157751011,1
157752016,1
289581017,1
289614011,1
379315011,1
380093012,1
1815251000006112,1
457319014,1
380180017,1
457318018,1
2168831000000110,1
146651000006118,1
289749011,1
289743012,1
289746016,1
289742019,1
289744018,1
289741014,1
146721000006119,1
289748015,1
146741000006114,1
289740010,1
638841000000113,1
638721000000113,1
638821000000118,1
1815461000006110,1
1773121000006115,1
139571000006117,1
18484012,1
1773141000006110,1
289968015,1
289880012,1
289924017,1
289901012,1
289980011,1
1815391000006112,1
2872133010,1
414151014,1
344657018,1
207325017,1
289948014,1
879691000006112,1
931991000006113,1
344806015,1
2168481000000111,1
81401000006110,1
81411000006113,1
81421000006117,1
81431000006119,1
81441000006112,1
81451000006114,1
81461000006111,1
81471000006116,1
81481000006118,1
82041000006113,1
2168841000000118,1
293380012,1
1847541000006113,1
261676014,1
291374012,1
291327015,1
1233222010,1
1228268017,1
310861000006116,1
312621000006112,1
313711000006115,1
316291000006113,1
316301000006114,1
291348018,1
359271000006110,1
359281000006113,1
359291000006111,1
292165015,1
425771000006113,1
425781000006111,1
260992011,1
880571000006112,1
450901012,1
543041000006111,1
880761000006113,1
988761000006118,1
403704016,1
287014015,1
739801000006115,1
459378019,1
1803781000006110,1
459399016,1
1803771000006112,1
732441000006113,1
353772013,1
704711000006119,1
881301000006117,1
216227011,1
219181000006119,1
157481000006111,1
157491000006114,1
157501000006118,1
157511000006115,1
157521000006111,1
157531000006114,1
157541000006116,1
157551000006119,1
157561000006117,1
157571000006112,1
157581000006110,1
157591000006113,1
157601000006117,1
157611000006119,1
157621000006110,1
157631000006113,1
157641000006115,1
157651000006118,1
157661000006116,1
157671000006111,1
157681000006114,1
157691000006112,1
157701000006112,1
157711000006110,1
157721000006119,1
157731000006116,1
157741000006114,1
157751000006111,1
157761000006113,1
157771000006118,1
157781000006115,1
157791000006117,1
157801000006116,1
157811000006118,1
157821000006114,1
157831000006112,1
157841000006119,1
157851000006117,1
157861000006115,1
157871000006110,1
157881000006113,1
157891000006111,1
157901000006110,1
157911000006113,1
157921000006117,1
157931000006119,1
157941000006112,1
157951000006114,1
157961000006111,1
157971000006116,1
406333010,1
880691000006112,1
880731000006116,1
880721000006119,1
880661000006116,1
988741000006117,1
880701000006112,1
880681000006114,1
880671000006111,1
880751000006111,1
880741000006114,1
880711000006110,1
289554017,1
511385013,1
380206018,1
380193010,1
151101000006116,1
151111000006118,1
151121000006114,1
151131000006112,1
151141000006119,1
151151000006117,1
155711012,1
155773015,1
1235814012,1
155879014,1
289546019,1
289549014,1
511250010,1
289553011,1
155967013,1
156007019,1
289557012,1
156169017,1
156231017,1
156237018,1
151321000006111,1
156291015,1
151331000006114,1
1815011000006116,1
156319016,1
156375015,1
289530010,1
289550014,1
289515018,1
289559010,1
151401000006110,1
406266011,1
151421000006117,1
289536016,1
289535017,1
156493015,1
156557015,1
1235875018,1
156585018,1
156607018,1
156627017,1
1215809015,1
156777013,1
289545015,1
156699010,1
156719018,1
289538015,1
289543010,1
156747019,1
289542017,1
156765015,1
151621000006119,1
156825010,1
156883018,1
156919012,1
409845013,1
156973018,1
156977017,1
156989015,1
156997010,1
157025019,1
880611000006119,1
880581000006110,1
880621000006110,1
880601000006117,1
880631000006113,1
880641000006115,1
880591000006113,1
880651000006118,1
152611000006116,1